call_site	compose_style	compose_name	auto_mirrored	material_symbols_name	glyph_file	resolution	codepoint	auto_mirror_flag_in_code	svg_variant	upstream_svg_url
AutoMirrored/Filled/ArrowBack	Filled	ArrowBack	true	arrow_back	arrow_back	direct	e5c4	true	fill1_24px	https://raw.githubusercontent.com/google/material-design-icons/27e9ef1dbeedc13d682fece4a58e1eda4cb0961a/symbols/web/arrow_back/materialsymbolsrounded/arrow_back_fill1_24px.svg
AutoMirrored/Filled/ArrowForward	Filled	ArrowForward	true	arrow_forward	arrow_forward	direct	e5c8	true	fill1_24px	https://raw.githubusercontent.com/google/material-design-icons/27e9ef1dbeedc13d682fece4a58e1eda4cb0961a/symbols/web/arrow_forward/materialsymbolsrounded/arrow_forward_fill1_24px.svg
AutoMirrored/Outlined/ArrowBack	Outlined	ArrowBack	true	arrow_back	arrow_back	direct	e5c4	true	24px	https://raw.githubusercontent.com/google/material-design-icons/27e9ef1dbeedc13d682fece4a58e1eda4cb0961a/symbols/web/arrow_back/materialsymbolsrounded/arrow_back_24px.svg
AutoMirrored/Outlined/ArrowForward	Outlined	ArrowForward	true	arrow_forward	arrow_forward	direct	e5c8	true	24px	https://raw.githubusercontent.com/google/material-design-icons/27e9ef1dbeedc13d682fece4a58e1eda4cb0961a/symbols/web/arrow_forward/materialsymbolsrounded/arrow_forward_24px.svg
AutoMirrored/Outlined/ArrowForwardIos	Outlined	ArrowForwardIos	true	arrow_forward_ios	arrow_forward_ios	direct	e5e1	true	24px	https://raw.githubusercontent.com/google/material-design-icons/27e9ef1dbeedc13d682fece4a58e1eda4cb0961a/symbols/web/arrow_forward_ios/materialsymbolsrounded/arrow_forward_ios_24px.svg
AutoMirrored/Outlined/ArrowRight	Outlined	ArrowRight	true	arrow_right	arrow_right	direct	e5df	true	24px	https://raw.githubusercontent.com/google/material-design-icons/27e9ef1dbeedc13d682fece4a58e1eda4cb0961a/symbols/web/arrow_right/materialsymbolsrounded/arrow_right_24px.svg
AutoMirrored/Outlined/DriveFileMove	Outlined	DriveFileMove	true	drive_file_move	drive_file_move	direct	e9a1	true	24px	https://raw.githubusercontent.com/google/material-design-icons/27e9ef1dbeedc13d682fece4a58e1eda4cb0961a/symbols/web/drive_file_move/materialsymbolsrounded/drive_file_move_24px.svg
AutoMirrored/Outlined/List	Outlined	List	true	list	list	direct	e896	true	24px	https://raw.githubusercontent.com/google/material-design-icons/27e9ef1dbeedc13d682fece4a58e1eda4cb0961a/symbols/web/list/materialsymbolsrounded/list_24px.svg
AutoMirrored/Outlined/OpenInNew	Outlined	OpenInNew	true	open_in_new	open_in_new	direct	e89e	true	24px	https://raw.githubusercontent.com/google/material-design-icons/27e9ef1dbeedc13d682fece4a58e1eda4cb0961a/symbols/web/open_in_new/materialsymbolsrounded/open_in_new_24px.svg
AutoMirrored/Outlined/PlaylistAdd	Outlined	PlaylistAdd	true	playlist_add	playlist_add	direct	e03b	true	24px	https://raw.githubusercontent.com/google/material-design-icons/27e9ef1dbeedc13d682fece4a58e1eda4cb0961a/symbols/web/playlist_add/materialsymbolsrounded/playlist_add_24px.svg
AutoMirrored/Outlined/PlaylistPlay	Outlined	PlaylistPlay	true	playlist_play	playlist_play	direct	e05f	true	24px	https://raw.githubusercontent.com/google/material-design-icons/27e9ef1dbeedc13d682fece4a58e1eda4cb0961a/symbols/web/playlist_play/materialsymbolsrounded/playlist_play_24px.svg
AutoMirrored/Outlined/Sort	Outlined	Sort	true	sort	sort	direct	e164	true	24px	https://raw.githubusercontent.com/google/material-design-icons/27e9ef1dbeedc13d682fece4a58e1eda4cb0961a/symbols/web/sort/materialsymbolsrounded/sort_24px.svg
AutoMirrored/Outlined/TextSnippet	Outlined	TextSnippet	true	text_snippet	text_snippet	direct	f1c6	true	24px	https://raw.githubusercontent.com/google/material-design-icons/27e9ef1dbeedc13d682fece4a58e1eda4cb0961a/symbols/web/text_snippet/materialsymbolsrounded/text_snippet_24px.svg
AutoMirrored/Outlined/ViewList	Outlined	ViewList	true	view_list	view_list	direct	e8ef	true	24px	https://raw.githubusercontent.com/google/material-design-icons/27e9ef1dbeedc13d682fece4a58e1eda4cb0961a/symbols/web/view_list/materialsymbolsrounded/view_list_24px.svg
Filled/Backspace	Filled	Backspace	false	backspace	backspace	direct	e14a	false	fill1_24px	https://raw.githubusercontent.com/google/material-design-icons/27e9ef1dbeedc13d682fece4a58e1eda4cb0961a/symbols/web/backspace/materialsymbolsrounded/backspace_fill1_24px.svg
Filled/Build	Filled	Build	false	build	build	direct	f8cd	false	fill1_24px	https://raw.githubusercontent.com/google/material-design-icons/27e9ef1dbeedc13d682fece4a58e1eda4cb0961a/symbols/web/build/materialsymbolsrounded/build_fill1_24px.svg
Filled/Cancel	Filled	Cancel	false	cancel	cancel	direct	e888	false	fill1_24px	https://raw.githubusercontent.com/google/material-design-icons/27e9ef1dbeedc13d682fece4a58e1eda4cb0961a/symbols/web/cancel/materialsymbolsrounded/cancel_fill1_24px.svg
Filled/CheckCircle	Filled	CheckCircle	false	check_circle	check_circle	direct	f0be	false	fill1_24px	https://raw.githubusercontent.com/google/material-design-icons/27e9ef1dbeedc13d682fece4a58e1eda4cb0961a/symbols/web/check_circle/materialsymbolsrounded/check_circle_fill1_24px.svg
Filled/Close	Filled	Close	false	close	close	direct	e5cd	false	fill1_24px	https://raw.githubusercontent.com/google/material-design-icons/27e9ef1dbeedc13d682fece4a58e1eda4cb0961a/symbols/web/close/materialsymbolsrounded/close_fill1_24px.svg
Filled/Download	Filled	Download	false	download	download	direct	f090	false	fill1_24px	https://raw.githubusercontent.com/google/material-design-icons/27e9ef1dbeedc13d682fece4a58e1eda4cb0961a/symbols/web/download/materialsymbolsrounded/download_fill1_24px.svg
Filled/DownloadDone	Filled	DownloadDone	false	download_done	download_done	direct	f091	false	fill1_24px	https://raw.githubusercontent.com/google/material-design-icons/27e9ef1dbeedc13d682fece4a58e1eda4cb0961a/symbols/web/download_done/materialsymbolsrounded/download_done_fill1_24px.svg
Filled/Error	Filled	Error	false	error	error	direct	f8b6	false	fill1_24px	https://raw.githubusercontent.com/google/material-design-icons/27e9ef1dbeedc13d682fece4a58e1eda4cb0961a/symbols/web/error/materialsymbolsrounded/error_fill1_24px.svg
Filled/FileDownload	Filled	FileDownload	false	file_download	file_download	direct	f090	false	fill1_24px	https://raw.githubusercontent.com/google/material-design-icons/27e9ef1dbeedc13d682fece4a58e1eda4cb0961a/symbols/web/file_download/materialsymbolsrounded/file_download_fill1_24px.svg
Filled/Fingerprint	Filled	Fingerprint	false	fingerprint	fingerprint	direct	e90d	false	fill1_24px	https://raw.githubusercontent.com/google/material-design-icons/27e9ef1dbeedc13d682fece4a58e1eda4cb0961a/symbols/web/fingerprint/materialsymbolsrounded/fingerprint_fill1_24px.svg
Filled/Info	Filled	Info	false	info	info	direct	e88e	false	fill1_24px	https://raw.githubusercontent.com/google/material-design-icons/27e9ef1dbeedc13d682fece4a58e1eda4cb0961a/symbols/web/info/materialsymbolsrounded/info_fill1_24px.svg
Filled/Key	Filled	Key	false	key	key	direct	e73c	false	fill1_24px	https://raw.githubusercontent.com/google/material-design-icons/27e9ef1dbeedc13d682fece4a58e1eda4cb0961a/symbols/web/key/materialsymbolsrounded/key_fill1_24px.svg
Filled/KeyboardArrowRight	Filled	KeyboardArrowRight	false	keyboard_arrow_right	keyboard_arrow_right	direct	e315	false	fill1_24px	https://raw.githubusercontent.com/google/material-design-icons/27e9ef1dbeedc13d682fece4a58e1eda4cb0961a/symbols/web/keyboard_arrow_right/materialsymbolsrounded/keyboard_arrow_right_fill1_24px.svg
Filled/Lock	Filled	Lock	false	lock	lock	direct	e899	false	fill1_24px	https://raw.githubusercontent.com/google/material-design-icons/27e9ef1dbeedc13d682fece4a58e1eda4cb0961a/symbols/web/lock/materialsymbolsrounded/lock_fill1_24px.svg
Filled/LockOpen	Filled	LockOpen	false	lock_open	lock_open	direct	e898	false	fill1_24px	https://raw.githubusercontent.com/google/material-design-icons/27e9ef1dbeedc13d682fece4a58e1eda4cb0961a/symbols/web/lock_open/materialsymbolsrounded/lock_open_fill1_24px.svg
Filled/RestartAlt	Filled	RestartAlt	false	restart_alt	restart_alt	direct	f053	false	fill1_24px	https://raw.githubusercontent.com/google/material-design-icons/27e9ef1dbeedc13d682fece4a58e1eda4cb0961a/symbols/web/restart_alt/materialsymbolsrounded/restart_alt_fill1_24px.svg
Filled/SdCardAlert	Filled	SdCardAlert	false	sd_card_alert	sd_card_alert	direct	f057	false	fill1_24px	https://raw.githubusercontent.com/google/material-design-icons/27e9ef1dbeedc13d682fece4a58e1eda4cb0961a/symbols/web/sd_card_alert/materialsymbolsrounded/sd_card_alert_fill1_24px.svg
Filled/Security	Filled	Security	false	security	security	direct	e32a	false	fill1_24px	https://raw.githubusercontent.com/google/material-design-icons/27e9ef1dbeedc13d682fece4a58e1eda4cb0961a/symbols/web/security/materialsymbolsrounded/security_fill1_24px.svg
Filled/Settings	Filled	Settings	false	settings	settings	direct	e8b8	false	fill1_24px	https://raw.githubusercontent.com/google/material-design-icons/27e9ef1dbeedc13d682fece4a58e1eda4cb0961a/symbols/web/settings/materialsymbolsrounded/settings_fill1_24px.svg
Filled/Subscriptions	Filled	Subscriptions	false	subscriptions	subscriptions	direct	e064	false	fill1_24px	https://raw.githubusercontent.com/google/material-design-icons/27e9ef1dbeedc13d682fece4a58e1eda4cb0961a/symbols/web/subscriptions/materialsymbolsrounded/subscriptions_fill1_24px.svg
Filled/Subtitles	Filled	Subtitles	false	subtitles	subtitles	direct	e048	false	fill1_24px	https://raw.githubusercontent.com/google/material-design-icons/27e9ef1dbeedc13d682fece4a58e1eda4cb0961a/symbols/web/subtitles/materialsymbolsrounded/subtitles_fill1_24px.svg
Filled/Terminal	Filled	Terminal	false	terminal	terminal	direct	eb8e	false	fill1_24px	https://raw.githubusercontent.com/google/material-design-icons/27e9ef1dbeedc13d682fece4a58e1eda4cb0961a/symbols/web/terminal/materialsymbolsrounded/terminal_fill1_24px.svg
Filled/Timer	Filled	Timer	false	timer	timer	direct	e425	false	fill1_24px	https://raw.githubusercontent.com/google/material-design-icons/27e9ef1dbeedc13d682fece4a58e1eda4cb0961a/symbols/web/timer/materialsymbolsrounded/timer_fill1_24px.svg
Filled/VideoLibrary	Filled	VideoLibrary	false	video_library	video_library	direct	e04a	false	fill1_24px	https://raw.githubusercontent.com/google/material-design-icons/27e9ef1dbeedc13d682fece4a58e1eda4cb0961a/symbols/web/video_library/materialsymbolsrounded/video_library_fill1_24px.svg
Filled/Warning	Filled	Warning	false	warning	warning	direct	f083	false	fill1_24px	https://raw.githubusercontent.com/google/material-design-icons/27e9ef1dbeedc13d682fece4a58e1eda4cb0961a/symbols/web/warning/materialsymbolsrounded/warning_fill1_24px.svg
Outlined/AccountBalance	Outlined	AccountBalance	false	account_balance	account_balance	direct	e84f	false	24px	https://raw.githubusercontent.com/google/material-design-icons/27e9ef1dbeedc13d682fece4a58e1eda4cb0961a/symbols/web/account_balance/materialsymbolsrounded/account_balance_24px.svg
Outlined/AccountBalanceWallet	Outlined	AccountBalanceWallet	false	account_balance_wallet	account_balance_wallet	direct	e850	false	24px	https://raw.githubusercontent.com/google/material-design-icons/27e9ef1dbeedc13d682fece4a58e1eda4cb0961a/symbols/web/account_balance_wallet/materialsymbolsrounded/account_balance_wallet_24px.svg
Outlined/Add	Outlined	Add	false	add	add	direct	e145	false	24px	https://raw.githubusercontent.com/google/material-design-icons/27e9ef1dbeedc13d682fece4a58e1eda4cb0961a/symbols/web/add/materialsymbolsrounded/add_24px.svg
Outlined/AddLink	Outlined	AddLink	false	add_link	add_link	direct	e178	false	24px	https://raw.githubusercontent.com/google/material-design-icons/27e9ef1dbeedc13d682fece4a58e1eda4cb0961a/symbols/web/add_link/materialsymbolsrounded/add_link_24px.svg
Outlined/Archive	Outlined	Archive	false	archive	archive	direct	e149	false	24px	https://raw.githubusercontent.com/google/material-design-icons/27e9ef1dbeedc13d682fece4a58e1eda4cb0961a/symbols/web/archive/materialsymbolsrounded/archive_24px.svg
Outlined/ArrowForward	Outlined	ArrowForward	false	arrow_forward	arrow_forward	direct	e5c8	false	24px	https://raw.githubusercontent.com/google/material-design-icons/27e9ef1dbeedc13d682fece4a58e1eda4cb0961a/symbols/web/arrow_forward/materialsymbolsrounded/arrow_forward_24px.svg
Outlined/ArtTrack	Outlined	ArtTrack	false	art_track	art_track	direct	e060	false	24px	https://raw.githubusercontent.com/google/material-design-icons/27e9ef1dbeedc13d682fece4a58e1eda4cb0961a/symbols/web/art_track/materialsymbolsrounded/art_track_24px.svg
Outlined/AssignmentReturn	Outlined	AssignmentReturn	false	assignment_return	assignment_return	direct	e860	false	24px	https://raw.githubusercontent.com/google/material-design-icons/27e9ef1dbeedc13d682fece4a58e1eda4cb0961a/symbols/web/assignment_return/materialsymbolsrounded/assignment_return_24px.svg
Outlined/AttachMoney	Outlined	AttachMoney	false	attach_money	attach_money	direct	e227	false	24px	https://raw.githubusercontent.com/google/material-design-icons/27e9ef1dbeedc13d682fece4a58e1eda4cb0961a/symbols/web/attach_money/materialsymbolsrounded/attach_money_24px.svg
Outlined/AudioFile	Outlined	AudioFile	false	audio_file	audio_file	direct	eb82	false	24px	https://raw.githubusercontent.com/google/material-design-icons/27e9ef1dbeedc13d682fece4a58e1eda4cb0961a/symbols/web/audio_file/materialsymbolsrounded/audio_file_24px.svg
Outlined/AutoAwesome	Outlined	AutoAwesome	false	auto_awesome	auto_awesome	direct	e65f	false	24px	https://raw.githubusercontent.com/google/material-design-icons/27e9ef1dbeedc13d682fece4a58e1eda4cb0961a/symbols/web/auto_awesome/materialsymbolsrounded/auto_awesome_24px.svg
Outlined/BarChart	Outlined	BarChart	false	bar_chart	bar_chart	direct	e26b	false	24px	https://raw.githubusercontent.com/google/material-design-icons/27e9ef1dbeedc13d682fece4a58e1eda4cb0961a/symbols/web/bar_chart/materialsymbolsrounded/bar_chart_24px.svg
Outlined/BatteryChargingFull	Outlined	BatteryChargingFull	false	battery_charging_full	battery_charging_full	direct	e1a3	false	24px	https://raw.githubusercontent.com/google/material-design-icons/27e9ef1dbeedc13d682fece4a58e1eda4cb0961a/symbols/web/battery_charging_full/materialsymbolsrounded/battery_charging_full_24px.svg
Outlined/Bolt	Outlined	Bolt	false	bolt	bolt	direct	ea0b	false	24px	https://raw.githubusercontent.com/google/material-design-icons/27e9ef1dbeedc13d682fece4a58e1eda4cb0961a/symbols/web/bolt/materialsymbolsrounded/bolt_24px.svg
Outlined/Bookmark	Outlined	Bookmark	false	bookmark	bookmark	direct	e8e7	false	24px	https://raw.githubusercontent.com/google/material-design-icons/27e9ef1dbeedc13d682fece4a58e1eda4cb0961a/symbols/web/bookmark/materialsymbolsrounded/bookmark_24px.svg
Outlined/BookmarkAdd	Outlined	BookmarkAdd	false	bookmark_add	bookmark_add	direct	e598	false	24px	https://raw.githubusercontent.com/google/material-design-icons/27e9ef1dbeedc13d682fece4a58e1eda4cb0961a/symbols/web/bookmark_add/materialsymbolsrounded/bookmark_add_24px.svg
Outlined/BookmarkAdded	Outlined	BookmarkAdded	false	bookmark_added	bookmark_added	direct	e599	false	24px	https://raw.githubusercontent.com/google/material-design-icons/27e9ef1dbeedc13d682fece4a58e1eda4cb0961a/symbols/web/bookmark_added/materialsymbolsrounded/bookmark_added_24px.svg
Outlined/BrokenImage	Outlined	BrokenImage	false	broken_image	broken_image	direct	e3ad	false	24px	https://raw.githubusercontent.com/google/material-design-icons/27e9ef1dbeedc13d682fece4a58e1eda4cb0961a/symbols/web/broken_image/materialsymbolsrounded/broken_image_24px.svg
Outlined/BugReport	Outlined	BugReport	false	bug_report	bug_report	direct	e868	false	24px	https://raw.githubusercontent.com/google/material-design-icons/27e9ef1dbeedc13d682fece4a58e1eda4cb0961a/symbols/web/bug_report/materialsymbolsrounded/bug_report_24px.svg
Outlined/Build	Outlined	Build	false	build	build	direct	f8cd	false	24px	https://raw.githubusercontent.com/google/material-design-icons/27e9ef1dbeedc13d682fece4a58e1eda4cb0961a/symbols/web/build/materialsymbolsrounded/build_24px.svg
Outlined/CalendarMonth	Outlined	CalendarMonth	false	calendar_month	calendar_month	direct	ebcc	false	24px	https://raw.githubusercontent.com/google/material-design-icons/27e9ef1dbeedc13d682fece4a58e1eda4cb0961a/symbols/web/calendar_month/materialsymbolsrounded/calendar_month_24px.svg
Outlined/CalendarToday	Outlined	CalendarToday	false	calendar_today	calendar_today	direct	e935	false	24px	https://raw.githubusercontent.com/google/material-design-icons/27e9ef1dbeedc13d682fece4a58e1eda4cb0961a/symbols/web/calendar_today/materialsymbolsrounded/calendar_today_24px.svg
Outlined/Cancel	Outlined	Cancel	false	cancel	cancel	direct	e888	false	24px	https://raw.githubusercontent.com/google/material-design-icons/27e9ef1dbeedc13d682fece4a58e1eda4cb0961a/symbols/web/cancel/materialsymbolsrounded/cancel_24px.svg
Outlined/Chat	Outlined	Chat	false	chat	chat	direct	e0c9	false	24px	https://raw.githubusercontent.com/google/material-design-icons/27e9ef1dbeedc13d682fece4a58e1eda4cb0961a/symbols/web/chat/materialsymbolsrounded/chat_24px.svg
Outlined/Check	Outlined	Check	false	check	check	direct	e668	false	24px	https://raw.githubusercontent.com/google/material-design-icons/27e9ef1dbeedc13d682fece4a58e1eda4cb0961a/symbols/web/check/materialsymbolsrounded/check_24px.svg
Outlined/CheckCircle	Outlined	CheckCircle	false	check_circle	check_circle	direct	f0be	false	24px	https://raw.githubusercontent.com/google/material-design-icons/27e9ef1dbeedc13d682fece4a58e1eda4cb0961a/symbols/web/check_circle/materialsymbolsrounded/check_circle_24px.svg
Outlined/Circle	Outlined	Circle	false	circle	circle	direct	ef4a	false	24px	https://raw.githubusercontent.com/google/material-design-icons/27e9ef1dbeedc13d682fece4a58e1eda4cb0961a/symbols/web/circle/materialsymbolsrounded/circle_24px.svg
Outlined/Clear	Outlined	Clear	false	clear	close	alias->close	e5cd	false	24px	https://raw.githubusercontent.com/google/material-design-icons/27e9ef1dbeedc13d682fece4a58e1eda4cb0961a/symbols/web/close/materialsymbolsrounded/close_24px.svg
Outlined/Close	Outlined	Close	false	close	close	direct	e5cd	false	24px	https://raw.githubusercontent.com/google/material-design-icons/27e9ef1dbeedc13d682fece4a58e1eda4cb0961a/symbols/web/close/materialsymbolsrounded/close_24px.svg
Outlined/ClosedCaption	Outlined	ClosedCaption	false	closed_caption	closed_caption	direct	e996	false	24px	https://raw.githubusercontent.com/google/material-design-icons/27e9ef1dbeedc13d682fece4a58e1eda4cb0961a/symbols/web/closed_caption/materialsymbolsrounded/closed_caption_24px.svg
Outlined/CloudDownload	Outlined	CloudDownload	false	cloud_download	cloud_download	direct	e2c0	false	24px	https://raw.githubusercontent.com/google/material-design-icons/27e9ef1dbeedc13d682fece4a58e1eda4cb0961a/symbols/web/cloud_download/materialsymbolsrounded/cloud_download_24px.svg
Outlined/Code	Outlined	Code	false	code	code	direct	e86f	false	24px	https://raw.githubusercontent.com/google/material-design-icons/27e9ef1dbeedc13d682fece4a58e1eda4cb0961a/symbols/web/code/materialsymbolsrounded/code_24px.svg
Outlined/Colorize	Outlined	Colorize	false	colorize	colorize	direct	e3b8	false	24px	https://raw.githubusercontent.com/google/material-design-icons/27e9ef1dbeedc13d682fece4a58e1eda4cb0961a/symbols/web/colorize/materialsymbolsrounded/colorize_24px.svg
Outlined/ContentCopy	Outlined	ContentCopy	false	content_copy	content_copy	direct	e14d	false	24px	https://raw.githubusercontent.com/google/material-design-icons/27e9ef1dbeedc13d682fece4a58e1eda4cb0961a/symbols/web/content_copy/materialsymbolsrounded/content_copy_24px.svg
Outlined/ContentCut	Outlined	ContentCut	false	content_cut	content_cut	direct	e14e	false	24px	https://raw.githubusercontent.com/google/material-design-icons/27e9ef1dbeedc13d682fece4a58e1eda4cb0961a/symbols/web/content_cut/materialsymbolsrounded/content_cut_24px.svg
Outlined/ContentPaste	Outlined	ContentPaste	false	content_paste	content_paste	direct	e14f	false	24px	https://raw.githubusercontent.com/google/material-design-icons/27e9ef1dbeedc13d682fece4a58e1eda4cb0961a/symbols/web/content_paste/materialsymbolsrounded/content_paste_24px.svg
Outlined/ContentPasteGo	Outlined	ContentPasteGo	false	content_paste_go	content_paste_go	direct	ea8e	false	24px	https://raw.githubusercontent.com/google/material-design-icons/27e9ef1dbeedc13d682fece4a58e1eda4cb0961a/symbols/web/content_paste_go/materialsymbolsrounded/content_paste_go_24px.svg
Outlined/Contrast	Outlined	Contrast	false	contrast	contrast	direct	eb37	false	24px	https://raw.githubusercontent.com/google/material-design-icons/27e9ef1dbeedc13d682fece4a58e1eda4cb0961a/symbols/web/contrast/materialsymbolsrounded/contrast_24px.svg
Outlined/Cookie	Outlined	Cookie	false	cookie	cookie	direct	eaac	false	24px	https://raw.githubusercontent.com/google/material-design-icons/27e9ef1dbeedc13d682fece4a58e1eda4cb0961a/symbols/web/cookie/materialsymbolsrounded/cookie_24px.svg
Outlined/Crop	Outlined	Crop	false	crop	crop	direct	e3be	false	24px	https://raw.githubusercontent.com/google/material-design-icons/27e9ef1dbeedc13d682fece4a58e1eda4cb0961a/symbols/web/crop/materialsymbolsrounded/crop_24px.svg
Outlined/DarkMode	Outlined	DarkMode	false	dark_mode	dark_mode	direct	e51c	false	24px	https://raw.githubusercontent.com/google/material-design-icons/27e9ef1dbeedc13d682fece4a58e1eda4cb0961a/symbols/web/dark_mode/materialsymbolsrounded/dark_mode_24px.svg
Outlined/Delete	Outlined	Delete	false	delete	delete	direct	e92e	false	24px	https://raw.githubusercontent.com/google/material-design-icons/27e9ef1dbeedc13d682fece4a58e1eda4cb0961a/symbols/web/delete/materialsymbolsrounded/delete_24px.svg
Outlined/DeleteForever	Outlined	DeleteForever	false	delete_forever	delete_forever	direct	e92b	false	24px	https://raw.githubusercontent.com/google/material-design-icons/27e9ef1dbeedc13d682fece4a58e1eda4cb0961a/symbols/web/delete_forever/materialsymbolsrounded/delete_forever_24px.svg
Outlined/DeleteSweep	Outlined	DeleteSweep	false	delete_sweep	delete_sweep	direct	e16c	false	24px	https://raw.githubusercontent.com/google/material-design-icons/27e9ef1dbeedc13d682fece4a58e1eda4cb0961a/symbols/web/delete_sweep/materialsymbolsrounded/delete_sweep_24px.svg
Outlined/Description	Outlined	Description	false	description	description	direct	e873	false	24px	https://raw.githubusercontent.com/google/material-design-icons/27e9ef1dbeedc13d682fece4a58e1eda4cb0961a/symbols/web/description/materialsymbolsrounded/description_24px.svg
Outlined/DoneAll	Outlined	DoneAll	false	done_all	done_all	direct	e877	false	24px	https://raw.githubusercontent.com/google/material-design-icons/27e9ef1dbeedc13d682fece4a58e1eda4cb0961a/symbols/web/done_all/materialsymbolsrounded/done_all_24px.svg
Outlined/Download	Outlined	Download	false	download	download	direct	f090	false	24px	https://raw.githubusercontent.com/google/material-design-icons/27e9ef1dbeedc13d682fece4a58e1eda4cb0961a/symbols/web/download/materialsymbolsrounded/download_24px.svg
Outlined/DownloadDone	Outlined	DownloadDone	false	download_done	download_done	direct	f091	false	24px	https://raw.githubusercontent.com/google/material-design-icons/27e9ef1dbeedc13d682fece4a58e1eda4cb0961a/symbols/web/download_done/materialsymbolsrounded/download_done_24px.svg
Outlined/Downloading	Outlined	Downloading	false	downloading	downloading	direct	f001	false	24px	https://raw.githubusercontent.com/google/material-design-icons/27e9ef1dbeedc13d682fece4a58e1eda4cb0961a/symbols/web/downloading/materialsymbolsrounded/downloading_24px.svg
Outlined/DriveFileRenameOutline	Outlined	DriveFileRenameOutline	false	drive_file_rename_outline	drive_file_rename_outline	direct	e9a2	false	24px	https://raw.githubusercontent.com/google/material-design-icons/27e9ef1dbeedc13d682fece4a58e1eda4cb0961a/symbols/web/drive_file_rename_outline/materialsymbolsrounded/drive_file_rename_outline_24px.svg
Outlined/Edit	Outlined	Edit	false	edit	edit	direct	f097	false	24px	https://raw.githubusercontent.com/google/material-design-icons/27e9ef1dbeedc13d682fece4a58e1eda4cb0961a/symbols/web/edit/materialsymbolsrounded/edit_24px.svg
Outlined/EditNote	Outlined	EditNote	false	edit_note	edit_note	direct	e745	false	24px	https://raw.githubusercontent.com/google/material-design-icons/27e9ef1dbeedc13d682fece4a58e1eda4cb0961a/symbols/web/edit_note/materialsymbolsrounded/edit_note_24px.svg
Outlined/Error	Outlined	Error	false	error	error	direct	f8b6	false	24px	https://raw.githubusercontent.com/google/material-design-icons/27e9ef1dbeedc13d682fece4a58e1eda4cb0961a/symbols/web/error/materialsymbolsrounded/error_24px.svg
Outlined/ErrorOutline	Outlined	ErrorOutline	false	error_outline	error	alias->error	f8b6	false	24px	https://raw.githubusercontent.com/google/material-design-icons/27e9ef1dbeedc13d682fece4a58e1eda4cb0961a/symbols/web/error/materialsymbolsrounded/error_24px.svg
Outlined/ExitToApp	Outlined	ExitToApp	false	exit_to_app	exit_to_app	direct	e879	false	24px	https://raw.githubusercontent.com/google/material-design-icons/27e9ef1dbeedc13d682fece4a58e1eda4cb0961a/symbols/web/exit_to_app/materialsymbolsrounded/exit_to_app_24px.svg
Outlined/ExpandMore	Outlined	ExpandMore	false	expand_more	expand_more	direct	e5cf	false	24px	https://raw.githubusercontent.com/google/material-design-icons/27e9ef1dbeedc13d682fece4a58e1eda4cb0961a/symbols/web/expand_more/materialsymbolsrounded/expand_more_24px.svg
Outlined/Favorite	Outlined	Favorite	false	favorite	favorite	direct	e87e	false	24px	https://raw.githubusercontent.com/google/material-design-icons/27e9ef1dbeedc13d682fece4a58e1eda4cb0961a/symbols/web/favorite/materialsymbolsrounded/favorite_24px.svg
Outlined/FileCopy	Outlined	FileCopy	false	file_copy	file_copy	direct	e173	false	24px	https://raw.githubusercontent.com/google/material-design-icons/27e9ef1dbeedc13d682fece4a58e1eda4cb0961a/symbols/web/file_copy/materialsymbolsrounded/file_copy_24px.svg
Outlined/FileDownload	Outlined	FileDownload	false	file_download	file_download	direct	f090	false	24px	https://raw.githubusercontent.com/google/material-design-icons/27e9ef1dbeedc13d682fece4a58e1eda4cb0961a/symbols/web/file_download/materialsymbolsrounded/file_download_24px.svg
Outlined/Folder	Outlined	Folder	false	folder	folder	direct	e2c7	false	24px	https://raw.githubusercontent.com/google/material-design-icons/27e9ef1dbeedc13d682fece4a58e1eda4cb0961a/symbols/web/folder/materialsymbolsrounded/folder_24px.svg
Outlined/FolderDelete	Outlined	FolderDelete	false	folder_delete	folder_delete	direct	eb34	false	24px	https://raw.githubusercontent.com/google/material-design-icons/27e9ef1dbeedc13d682fece4a58e1eda4cb0961a/symbols/web/folder_delete/materialsymbolsrounded/folder_delete_24px.svg
Outlined/FolderOpen	Outlined	FolderOpen	false	folder_open	folder_open	direct	e2c8	false	24px	https://raw.githubusercontent.com/google/material-design-icons/27e9ef1dbeedc13d682fece4a58e1eda4cb0961a/symbols/web/folder_open/materialsymbolsrounded/folder_open_24px.svg
Outlined/FolderSpecial	Outlined	FolderSpecial	false	folder_special	folder_special	direct	e617	false	24px	https://raw.githubusercontent.com/google/material-design-icons/27e9ef1dbeedc13d682fece4a58e1eda4cb0961a/symbols/web/folder_special/materialsymbolsrounded/folder_special_24px.svg
Outlined/Gavel	Outlined	Gavel	false	gavel	gavel	direct	e90e	false	24px	https://raw.githubusercontent.com/google/material-design-icons/27e9ef1dbeedc13d682fece4a58e1eda4cb0961a/symbols/web/gavel/materialsymbolsrounded/gavel_24px.svg
Outlined/GeneratingTokens	Outlined	GeneratingTokens	false	generating_tokens	generating_tokens	direct	e749	false	24px	https://raw.githubusercontent.com/google/material-design-icons/27e9ef1dbeedc13d682fece4a58e1eda4cb0961a/symbols/web/generating_tokens/materialsymbolsrounded/generating_tokens_24px.svg
Outlined/GridView	Outlined	GridView	false	grid_view	grid_view	direct	e9b0	false	24px	https://raw.githubusercontent.com/google/material-design-icons/27e9ef1dbeedc13d682fece4a58e1eda4cb0961a/symbols/web/grid_view/materialsymbolsrounded/grid_view_24px.svg
Outlined/Group	Outlined	Group	false	group	group	direct	ea21	false	24px	https://raw.githubusercontent.com/google/material-design-icons/27e9ef1dbeedc13d682fece4a58e1eda4cb0961a/symbols/web/group/materialsymbolsrounded/group_24px.svg
Outlined/Hd	Outlined	Hd	false	hd	hd	direct	e052	false	24px	https://raw.githubusercontent.com/google/material-design-icons/27e9ef1dbeedc13d682fece4a58e1eda4cb0961a/symbols/web/hd/materialsymbolsrounded/hd_24px.svg
Outlined/HelpOutline	Outlined	HelpOutline	false	help_outline	help	alias->help	e8fd	false	24px	https://raw.githubusercontent.com/google/material-design-icons/27e9ef1dbeedc13d682fece4a58e1eda4cb0961a/symbols/web/help/materialsymbolsrounded/help_24px.svg
Outlined/HighQuality	Outlined	HighQuality	false	high_quality	high_quality	direct	e024	false	24px	https://raw.githubusercontent.com/google/material-design-icons/27e9ef1dbeedc13d682fece4a58e1eda4cb0961a/symbols/web/high_quality/materialsymbolsrounded/high_quality_24px.svg
Outlined/History	Outlined	History	false	history	history	direct	e8b3	false	24px	https://raw.githubusercontent.com/google/material-design-icons/27e9ef1dbeedc13d682fece4a58e1eda4cb0961a/symbols/web/history/materialsymbolsrounded/history_24px.svg
Outlined/HistoryToggleOff	Outlined	HistoryToggleOff	false	history_toggle_off	history_toggle_off	direct	f17d	false	24px	https://raw.githubusercontent.com/google/material-design-icons/27e9ef1dbeedc13d682fece4a58e1eda4cb0961a/symbols/web/history_toggle_off/materialsymbolsrounded/history_toggle_off_24px.svg
Outlined/House	Outlined	House	false	house	house	direct	ea44	false	24px	https://raw.githubusercontent.com/google/material-design-icons/27e9ef1dbeedc13d682fece4a58e1eda4cb0961a/symbols/web/house/materialsymbolsrounded/house_24px.svg
Outlined/Icon	Outlined	Icon	false	icon	-	NOT_A_CALL_SITE (KDoc example)	-	false	24px	-
Outlined/Image	Outlined	Image	false	image	image	direct	e3f4	false	24px	https://raw.githubusercontent.com/google/material-design-icons/27e9ef1dbeedc13d682fece4a58e1eda4cb0961a/symbols/web/image/materialsymbolsrounded/image_24px.svg
Outlined/Info	Outlined	Info	false	info	info	direct	e88e	false	24px	https://raw.githubusercontent.com/google/material-design-icons/27e9ef1dbeedc13d682fece4a58e1eda4cb0961a/symbols/web/info/materialsymbolsrounded/info_24px.svg
Outlined/Language	Outlined	Language	false	language	language	direct	ea07	false	24px	https://raw.githubusercontent.com/google/material-design-icons/27e9ef1dbeedc13d682fece4a58e1eda4cb0961a/symbols/web/language/materialsymbolsrounded/language_24px.svg
Outlined/LibraryMusic	Outlined	LibraryMusic	false	library_music	library_music	direct	e030	false	24px	https://raw.githubusercontent.com/google/material-design-icons/27e9ef1dbeedc13d682fece4a58e1eda4cb0961a/symbols/web/library_music/materialsymbolsrounded/library_music_24px.svg
Outlined/LightMode	Outlined	LightMode	false	light_mode	light_mode	direct	e518	false	24px	https://raw.githubusercontent.com/google/material-design-icons/27e9ef1dbeedc13d682fece4a58e1eda4cb0961a/symbols/web/light_mode/materialsymbolsrounded/light_mode_24px.svg
Outlined/Link	Outlined	Link	false	link	link	direct	e250	false	24px	https://raw.githubusercontent.com/google/material-design-icons/27e9ef1dbeedc13d682fece4a58e1eda4cb0961a/symbols/web/link/materialsymbolsrounded/link_24px.svg
Outlined/LocalFireDepartment	Outlined	LocalFireDepartment	false	local_fire_department	local_fire_department	direct	ef55	false	24px	https://raw.githubusercontent.com/google/material-design-icons/27e9ef1dbeedc13d682fece4a58e1eda4cb0961a/symbols/web/local_fire_department/materialsymbolsrounded/local_fire_department_24px.svg
Outlined/Lock	Outlined	Lock	false	lock	lock	direct	e899	false	24px	https://raw.githubusercontent.com/google/material-design-icons/27e9ef1dbeedc13d682fece4a58e1eda4cb0961a/symbols/web/lock/materialsymbolsrounded/lock_24px.svg
Outlined/Menu	Outlined	Menu	false	menu	menu	direct	e5d2	false	24px	https://raw.githubusercontent.com/google/material-design-icons/27e9ef1dbeedc13d682fece4a58e1eda4cb0961a/symbols/web/menu/materialsymbolsrounded/menu_24px.svg
Outlined/MonetizationOn	Outlined	MonetizationOn	false	monetization_on	monetization_on	direct	e263	false	24px	https://raw.githubusercontent.com/google/material-design-icons/27e9ef1dbeedc13d682fece4a58e1eda4cb0961a/symbols/web/monetization_on/materialsymbolsrounded/monetization_on_24px.svg
Outlined/MoneyOff	Outlined	MoneyOff	false	money_off	money_off	direct	f038	false	24px	https://raw.githubusercontent.com/google/material-design-icons/27e9ef1dbeedc13d682fece4a58e1eda4cb0961a/symbols/web/money_off/materialsymbolsrounded/money_off_24px.svg
Outlined/MoreVert	Outlined	MoreVert	false	more_vert	more_vert	direct	e5d4	false	24px	https://raw.githubusercontent.com/google/material-design-icons/27e9ef1dbeedc13d682fece4a58e1eda4cb0961a/symbols/web/more_vert/materialsymbolsrounded/more_vert_24px.svg
Outlined/Movie	Outlined	Movie	false	movie	movie	direct	e404	false	24px	https://raw.githubusercontent.com/google/material-design-icons/27e9ef1dbeedc13d682fece4a58e1eda4cb0961a/symbols/web/movie/materialsymbolsrounded/movie_24px.svg
Outlined/MusicNote	Outlined	MusicNote	false	music_note	music_note	direct	e405	false	24px	https://raw.githubusercontent.com/google/material-design-icons/27e9ef1dbeedc13d682fece4a58e1eda4cb0961a/symbols/web/music_note/materialsymbolsrounded/music_note_24px.svg
Outlined/NewLabel	Outlined	NewLabel	false	new_label	new_label	direct	e609	false	24px	https://raw.githubusercontent.com/google/material-design-icons/27e9ef1dbeedc13d682fece4a58e1eda4cb0961a/symbols/web/new_label/materialsymbolsrounded/new_label_24px.svg
Outlined/NewReleases	Outlined	NewReleases	false	new_releases	new_releases	direct	ef76	false	24px	https://raw.githubusercontent.com/google/material-design-icons/27e9ef1dbeedc13d682fece4a58e1eda4cb0961a/symbols/web/new_releases/materialsymbolsrounded/new_releases_24px.svg
Outlined/Notifications	Outlined	Notifications	false	notifications	notifications	direct	e7f5	false	24px	https://raw.githubusercontent.com/google/material-design-icons/27e9ef1dbeedc13d682fece4a58e1eda4cb0961a/symbols/web/notifications/materialsymbolsrounded/notifications_24px.svg
Outlined/NotificationsActive	Outlined	NotificationsActive	false	notifications_active	notifications_active	direct	e7f7	false	24px	https://raw.githubusercontent.com/google/material-design-icons/27e9ef1dbeedc13d682fece4a58e1eda4cb0961a/symbols/web/notifications_active/materialsymbolsrounded/notifications_active_24px.svg
Outlined/NotificationsOff	Outlined	NotificationsOff	false	notifications_off	notifications_off	direct	e7f6	false	24px	https://raw.githubusercontent.com/google/material-design-icons/27e9ef1dbeedc13d682fece4a58e1eda4cb0961a/symbols/web/notifications_off/materialsymbolsrounded/notifications_off_24px.svg
Outlined/OfflineBolt	Outlined	OfflineBolt	false	offline_bolt	offline_bolt	direct	e932	false	24px	https://raw.githubusercontent.com/google/material-design-icons/27e9ef1dbeedc13d682fece4a58e1eda4cb0961a/symbols/web/offline_bolt/materialsymbolsrounded/offline_bolt_24px.svg
Outlined/OpenInNew	Outlined	OpenInNew	false	open_in_new	open_in_new	direct	e89e	false	24px	https://raw.githubusercontent.com/google/material-design-icons/27e9ef1dbeedc13d682fece4a58e1eda4cb0961a/symbols/web/open_in_new/materialsymbolsrounded/open_in_new_24px.svg
Outlined/Palette	Outlined	Palette	false	palette	palette	direct	e40a	false	24px	https://raw.githubusercontent.com/google/material-design-icons/27e9ef1dbeedc13d682fece4a58e1eda4cb0961a/symbols/web/palette/materialsymbolsrounded/palette_24px.svg
Outlined/Pause	Outlined	Pause	false	pause	pause	direct	e034	false	24px	https://raw.githubusercontent.com/google/material-design-icons/27e9ef1dbeedc13d682fece4a58e1eda4cb0961a/symbols/web/pause/materialsymbolsrounded/pause_24px.svg
Outlined/Person	Outlined	Person	false	person	person	direct	f0d3	false	24px	https://raw.githubusercontent.com/google/material-design-icons/27e9ef1dbeedc13d682fece4a58e1eda4cb0961a/symbols/web/person/materialsymbolsrounded/person_24px.svg
Outlined/Photo	Outlined	Photo	false	photo	photo	direct	e693	false	24px	https://raw.githubusercontent.com/google/material-design-icons/27e9ef1dbeedc13d682fece4a58e1eda4cb0961a/symbols/web/photo/materialsymbolsrounded/photo_24px.svg
Outlined/PlayArrow	Outlined	PlayArrow	false	play_arrow	play_arrow	direct	e037	false	24px	https://raw.githubusercontent.com/google/material-design-icons/27e9ef1dbeedc13d682fece4a58e1eda4cb0961a/symbols/web/play_arrow/materialsymbolsrounded/play_arrow_24px.svg
Outlined/PlayCircle	Outlined	PlayCircle	false	play_circle	play_circle	direct	e1c4	false	24px	https://raw.githubusercontent.com/google/material-design-icons/27e9ef1dbeedc13d682fece4a58e1eda4cb0961a/symbols/web/play_circle/materialsymbolsrounded/play_circle_24px.svg
Outlined/PlaylistAdd	Outlined	PlaylistAdd	false	playlist_add	playlist_add	direct	e03b	false	24px	https://raw.githubusercontent.com/google/material-design-icons/27e9ef1dbeedc13d682fece4a58e1eda4cb0961a/symbols/web/playlist_add/materialsymbolsrounded/playlist_add_24px.svg
Outlined/PlaylistAddCheck	Outlined	PlaylistAddCheck	false	playlist_add_check	playlist_add_check	direct	e065	false	24px	https://raw.githubusercontent.com/google/material-design-icons/27e9ef1dbeedc13d682fece4a58e1eda4cb0961a/symbols/web/playlist_add_check/materialsymbolsrounded/playlist_add_check_24px.svg
Outlined/PlaylistPlay	Outlined	PlaylistPlay	false	playlist_play	playlist_play	direct	e05f	false	24px	https://raw.githubusercontent.com/google/material-design-icons/27e9ef1dbeedc13d682fece4a58e1eda4cb0961a/symbols/web/playlist_play/materialsymbolsrounded/playlist_play_24px.svg
Outlined/Print	Outlined	Print	false	print	print	direct	e8ad	false	24px	https://raw.githubusercontent.com/google/material-design-icons/27e9ef1dbeedc13d682fece4a58e1eda4cb0961a/symbols/web/print/materialsymbolsrounded/print_24px.svg
Outlined/PrintDisabled	Outlined	PrintDisabled	false	print_disabled	print_disabled	direct	e9cf	false	24px	https://raw.githubusercontent.com/google/material-design-icons/27e9ef1dbeedc13d682fece4a58e1eda4cb0961a/symbols/web/print_disabled/materialsymbolsrounded/print_disabled_24px.svg
Outlined/PrivacyTip	Outlined	PrivacyTip	false	privacy_tip	privacy_tip	direct	f0dc	false	24px	https://raw.githubusercontent.com/google/material-design-icons/27e9ef1dbeedc13d682fece4a58e1eda4cb0961a/symbols/web/privacy_tip/materialsymbolsrounded/privacy_tip_24px.svg
Outlined/Public	Outlined	Public	false	public	public	direct	e80b	false	24px	https://raw.githubusercontent.com/google/material-design-icons/27e9ef1dbeedc13d682fece4a58e1eda4cb0961a/symbols/web/public/materialsymbolsrounded/public_24px.svg
Outlined/Refresh	Outlined	Refresh	false	refresh	refresh	direct	e5d5	false	24px	https://raw.githubusercontent.com/google/material-design-icons/27e9ef1dbeedc13d682fece4a58e1eda4cb0961a/symbols/web/refresh/materialsymbolsrounded/refresh_24px.svg
Outlined/RemoveDone	Outlined	RemoveDone	false	remove_done	remove_done	direct	e9d3	false	24px	https://raw.githubusercontent.com/google/material-design-icons/27e9ef1dbeedc13d682fece4a58e1eda4cb0961a/symbols/web/remove_done/materialsymbolsrounded/remove_done_24px.svg
Outlined/RestartAlt	Outlined	RestartAlt	false	restart_alt	restart_alt	direct	f053	false	24px	https://raw.githubusercontent.com/google/material-design-icons/27e9ef1dbeedc13d682fece4a58e1eda4cb0961a/symbols/web/restart_alt/materialsymbolsrounded/restart_alt_24px.svg
Outlined/Restore	Outlined	Restore	false	restore	history	alias->history	e8b3	false	24px	https://raw.githubusercontent.com/google/material-design-icons/27e9ef1dbeedc13d682fece4a58e1eda4cb0961a/symbols/web/history/materialsymbolsrounded/history_24px.svg
Outlined/Save	Outlined	Save	false	save	save	direct	e161	false	24px	https://raw.githubusercontent.com/google/material-design-icons/27e9ef1dbeedc13d682fece4a58e1eda4cb0961a/symbols/web/save/materialsymbolsrounded/save_24px.svg
Outlined/Sd	Outlined	Sd	false	sd	sd	direct	e9dd	false	24px	https://raw.githubusercontent.com/google/material-design-icons/27e9ef1dbeedc13d682fece4a58e1eda4cb0961a/symbols/web/sd/materialsymbolsrounded/sd_24px.svg
Outlined/SdCard	Outlined	SdCard	false	sd_card	sd_card	direct	e623	false	24px	https://raw.githubusercontent.com/google/material-design-icons/27e9ef1dbeedc13d682fece4a58e1eda4cb0961a/symbols/web/sd_card/materialsymbolsrounded/sd_card_24px.svg
Outlined/Search	Outlined	Search	false	search	search	direct	ef7a	false	24px	https://raw.githubusercontent.com/google/material-design-icons/27e9ef1dbeedc13d682fece4a58e1eda4cb0961a/symbols/web/search/materialsymbolsrounded/search_24px.svg
Outlined/Security	Outlined	Security	false	security	security	direct	e32a	false	24px	https://raw.githubusercontent.com/google/material-design-icons/27e9ef1dbeedc13d682fece4a58e1eda4cb0961a/symbols/web/security/materialsymbolsrounded/security_24px.svg
Outlined/SecurityUpdateWarning	Outlined	SecurityUpdateWarning	false	security_update_warning	security_update_warning	direct	f2d3	false	24px	https://raw.githubusercontent.com/google/material-design-icons/27e9ef1dbeedc13d682fece4a58e1eda4cb0961a/symbols/web/security_update_warning/materialsymbolsrounded/security_update_warning_24px.svg
Outlined/Sell	Outlined	Sell	false	sell	sell	direct	f05b	false	24px	https://raw.githubusercontent.com/google/material-design-icons/27e9ef1dbeedc13d682fece4a58e1eda4cb0961a/symbols/web/sell/materialsymbolsrounded/sell_24px.svg
Outlined/Settings	Outlined	Settings	false	settings	settings	direct	e8b8	false	24px	https://raw.githubusercontent.com/google/material-design-icons/27e9ef1dbeedc13d682fece4a58e1eda4cb0961a/symbols/web/settings/materialsymbolsrounded/settings_24px.svg
Outlined/SettingsEthernet	Outlined	SettingsEthernet	false	settings_ethernet	settings_ethernet	direct	e8be	false	24px	https://raw.githubusercontent.com/google/material-design-icons/27e9ef1dbeedc13d682fece4a58e1eda4cb0961a/symbols/web/settings_ethernet/materialsymbolsrounded/settings_ethernet_24px.svg
Outlined/SettingsSuggest	Outlined	SettingsSuggest	false	settings_suggest	settings_suggest	direct	f05e	false	24px	https://raw.githubusercontent.com/google/material-design-icons/27e9ef1dbeedc13d682fece4a58e1eda4cb0961a/symbols/web/settings_suggest/materialsymbolsrounded/settings_suggest_24px.svg
Outlined/Share	Outlined	Share	false	share	share	direct	e80d	false	24px	https://raw.githubusercontent.com/google/material-design-icons/27e9ef1dbeedc13d682fece4a58e1eda4cb0961a/symbols/web/share/materialsymbolsrounded/share_24px.svg
Outlined/SignalCellular4Bar	Outlined	SignalCellular4Bar	false	signal_cellular_4_bar	signal_cellular_4_bar	direct	e1c8	false	24px	https://raw.githubusercontent.com/google/material-design-icons/27e9ef1dbeedc13d682fece4a58e1eda4cb0961a/symbols/web/signal_cellular_4_bar/materialsymbolsrounded/signal_cellular_4_bar_24px.svg
Outlined/SignalCellularConnectedNoInternet4Bar	Outlined	SignalCellularConnectedNoInternet4Bar	false	signal_cellular_connected_no_internet_4_bar	signal_cellular_connected_no_internet_4_bar	direct	e1cd	false	24px	https://raw.githubusercontent.com/google/material-design-icons/27e9ef1dbeedc13d682fece4a58e1eda4cb0961a/symbols/web/signal_cellular_connected_no_internet_4_bar/materialsymbolsrounded/signal_cellular_connected_no_internet_4_bar_24px.svg
Outlined/SignalWifi4Bar	Outlined	SignalWifi4Bar	false	signal_wifi_4_bar	signal_wifi_4_bar	direct	f065	false	24px	https://raw.githubusercontent.com/google/material-design-icons/27e9ef1dbeedc13d682fece4a58e1eda4cb0961a/symbols/web/signal_wifi_4_bar/materialsymbolsrounded/signal_wifi_4_bar_24px.svg
Outlined/SmartButton	Outlined	SmartButton	false	smart_button	smart_button	direct	f1c1	false	24px	https://raw.githubusercontent.com/google/material-design-icons/27e9ef1dbeedc13d682fece4a58e1eda4cb0961a/symbols/web/smart_button/materialsymbolsrounded/smart_button_24px.svg
Outlined/SnippetFolder	Outlined	SnippetFolder	false	snippet_folder	snippet_folder	direct	f1c7	false	24px	https://raw.githubusercontent.com/google/material-design-icons/27e9ef1dbeedc13d682fece4a58e1eda4cb0961a/symbols/web/snippet_folder/materialsymbolsrounded/snippet_folder_24px.svg
Outlined/Sort	Outlined	Sort	false	sort	sort	direct	e164	false	24px	https://raw.githubusercontent.com/google/material-design-icons/27e9ef1dbeedc13d682fece4a58e1eda4cb0961a/symbols/web/sort/materialsymbolsrounded/sort_24px.svg
Outlined/SpatialAudioOff	Outlined	SpatialAudioOff	false	spatial_audio_off	spatial_audio_off	direct	ebe8	false	24px	https://raw.githubusercontent.com/google/material-design-icons/27e9ef1dbeedc13d682fece4a58e1eda4cb0961a/symbols/web/spatial_audio_off/materialsymbolsrounded/spatial_audio_off_24px.svg
Outlined/Speed	Outlined	Speed	false	speed	speed	direct	e9e4	false	24px	https://raw.githubusercontent.com/google/material-design-icons/27e9ef1dbeedc13d682fece4a58e1eda4cb0961a/symbols/web/speed/materialsymbolsrounded/speed_24px.svg
Outlined/Spellcheck	Outlined	Spellcheck	false	spellcheck	spellcheck	direct	e8ce	false	24px	https://raw.githubusercontent.com/google/material-design-icons/27e9ef1dbeedc13d682fece4a58e1eda4cb0961a/symbols/web/spellcheck/materialsymbolsrounded/spellcheck_24px.svg
Outlined/Star	Outlined	Star	false	star	star	direct	f09a	false	24px	https://raw.githubusercontent.com/google/material-design-icons/27e9ef1dbeedc13d682fece4a58e1eda4cb0961a/symbols/web/star/materialsymbolsrounded/star_24px.svg
Outlined/Storage	Outlined	Storage	false	storage	storage	direct	e1db	false	24px	https://raw.githubusercontent.com/google/material-design-icons/27e9ef1dbeedc13d682fece4a58e1eda4cb0961a/symbols/web/storage/materialsymbolsrounded/storage_24px.svg
Outlined/Subject	Outlined	Subject	false	subject	subject	direct	e8d2	false	24px	https://raw.githubusercontent.com/google/material-design-icons/27e9ef1dbeedc13d682fece4a58e1eda4cb0961a/symbols/web/subject/materialsymbolsrounded/subject_24px.svg
Outlined/Subscriptions	Outlined	Subscriptions	false	subscriptions	subscriptions	direct	e064	false	24px	https://raw.githubusercontent.com/google/material-design-icons/27e9ef1dbeedc13d682fece4a58e1eda4cb0961a/symbols/web/subscriptions/materialsymbolsrounded/subscriptions_24px.svg
Outlined/Subtitles	Outlined	Subtitles	false	subtitles	subtitles	direct	e048	false	24px	https://raw.githubusercontent.com/google/material-design-icons/27e9ef1dbeedc13d682fece4a58e1eda4cb0961a/symbols/web/subtitles/materialsymbolsrounded/subtitles_24px.svg
Outlined/Sync	Outlined	Sync	false	sync	sync	direct	e627	false	24px	https://raw.githubusercontent.com/google/material-design-icons/27e9ef1dbeedc13d682fece4a58e1eda4cb0961a/symbols/web/sync/materialsymbolsrounded/sync_24px.svg
Outlined/SyncAlt	Outlined	SyncAlt	false	sync_alt	sync_alt	direct	ea18	false	24px	https://raw.githubusercontent.com/google/material-design-icons/27e9ef1dbeedc13d682fece4a58e1eda4cb0961a/symbols/web/sync_alt/materialsymbolsrounded/sync_alt_24px.svg
Outlined/TabUnselected	Outlined	TabUnselected	false	tab_unselected	tab_unselected	direct	e8d9	false	24px	https://raw.githubusercontent.com/google/material-design-icons/27e9ef1dbeedc13d682fece4a58e1eda4cb0961a/symbols/web/tab_unselected/materialsymbolsrounded/tab_unselected_24px.svg
Outlined/Terminal	Outlined	Terminal	false	terminal	terminal	direct	eb8e	false	24px	https://raw.githubusercontent.com/google/material-design-icons/27e9ef1dbeedc13d682fece4a58e1eda4cb0961a/symbols/web/terminal/materialsymbolsrounded/terminal_24px.svg
Outlined/ThumbUp	Outlined	ThumbUp	false	thumb_up	thumb_up	direct	f577	false	24px	https://raw.githubusercontent.com/google/material-design-icons/27e9ef1dbeedc13d682fece4a58e1eda4cb0961a/symbols/web/thumb_up/materialsymbolsrounded/thumb_up_24px.svg
Outlined/Timer	Outlined	Timer	false	timer	timer	direct	e425	false	24px	https://raw.githubusercontent.com/google/material-design-icons/27e9ef1dbeedc13d682fece4a58e1eda4cb0961a/symbols/web/timer/materialsymbolsrounded/timer_24px.svg
Outlined/TipsAndUpdates	Outlined	TipsAndUpdates	false	tips_and_updates	tips_and_updates	direct	e79a	false	24px	https://raw.githubusercontent.com/google/material-design-icons/27e9ef1dbeedc13d682fece4a58e1eda4cb0961a/symbols/web/tips_and_updates/materialsymbolsrounded/tips_and_updates_24px.svg
Outlined/Title	Outlined	Title	false	title	title	direct	e264	false	24px	https://raw.githubusercontent.com/google/material-design-icons/27e9ef1dbeedc13d682fece4a58e1eda4cb0961a/symbols/web/title/materialsymbolsrounded/title_24px.svg
Outlined/ToggleOn	Outlined	ToggleOn	false	toggle_on	toggle_on	direct	e9f6	false	24px	https://raw.githubusercontent.com/google/material-design-icons/27e9ef1dbeedc13d682fece4a58e1eda4cb0961a/symbols/web/toggle_on/materialsymbolsrounded/toggle_on_24px.svg
Outlined/TouchApp	Outlined	TouchApp	false	touch_app	touch_app	direct	e913	false	24px	https://raw.githubusercontent.com/google/material-design-icons/27e9ef1dbeedc13d682fece4a58e1eda4cb0961a/symbols/web/touch_app/materialsymbolsrounded/touch_app_24px.svg
Outlined/Translate	Outlined	Translate	false	translate	translate	direct	e8e2	false	24px	https://raw.githubusercontent.com/google/material-design-icons/27e9ef1dbeedc13d682fece4a58e1eda4cb0961a/symbols/web/translate/materialsymbolsrounded/translate_24px.svg
Outlined/Tune	Outlined	Tune	false	tune	tune	direct	e429	false	24px	https://raw.githubusercontent.com/google/material-design-icons/27e9ef1dbeedc13d682fece4a58e1eda4cb0961a/symbols/web/tune/materialsymbolsrounded/tune_24px.svg
Outlined/UnfoldMore	Outlined	UnfoldMore	false	unfold_more	unfold_more	direct	e5d7	false	24px	https://raw.githubusercontent.com/google/material-design-icons/27e9ef1dbeedc13d682fece4a58e1eda4cb0961a/symbols/web/unfold_more/materialsymbolsrounded/unfold_more_24px.svg
Outlined/Update	Outlined	Update	false	update	update	direct	e923	false	24px	https://raw.githubusercontent.com/google/material-design-icons/27e9ef1dbeedc13d682fece4a58e1eda4cb0961a/symbols/web/update/materialsymbolsrounded/update_24px.svg
Outlined/UpdateDisabled	Outlined	UpdateDisabled	false	update_disabled	update_disabled	direct	e075	false	24px	https://raw.githubusercontent.com/google/material-design-icons/27e9ef1dbeedc13d682fece4a58e1eda4cb0961a/symbols/web/update_disabled/materialsymbolsrounded/update_disabled_24px.svg
Outlined/Verified	Outlined	Verified	false	verified	verified	direct	ef76	false	24px	https://raw.githubusercontent.com/google/material-design-icons/27e9ef1dbeedc13d682fece4a58e1eda4cb0961a/symbols/web/verified/materialsymbolsrounded/verified_24px.svg
Outlined/VerticalSplit	Outlined	VerticalSplit	false	vertical_split	vertical_split	direct	e949	false	24px	https://raw.githubusercontent.com/google/material-design-icons/27e9ef1dbeedc13d682fece4a58e1eda4cb0961a/symbols/web/vertical_split/materialsymbolsrounded/vertical_split_24px.svg
Outlined/VideoFile	Outlined	VideoFile	false	video_file	video_file	direct	eb87	false	24px	https://raw.githubusercontent.com/google/material-design-icons/27e9ef1dbeedc13d682fece4a58e1eda4cb0961a/symbols/web/video_file/materialsymbolsrounded/video_file_24px.svg
Outlined/VideoLibrary	Outlined	VideoLibrary	false	video_library	video_library	direct	e04a	false	24px	https://raw.githubusercontent.com/google/material-design-icons/27e9ef1dbeedc13d682fece4a58e1eda4cb0961a/symbols/web/video_library/materialsymbolsrounded/video_library_24px.svg
Outlined/VideoSettings	Outlined	VideoSettings	false	video_settings	video_settings	direct	ea75	false	24px	https://raw.githubusercontent.com/google/material-design-icons/27e9ef1dbeedc13d682fece4a58e1eda4cb0961a/symbols/web/video_settings/materialsymbolsrounded/video_settings_24px.svg
Outlined/ViewAgenda	Outlined	ViewAgenda	false	view_agenda	view_agenda	direct	e8e9	false	24px	https://raw.githubusercontent.com/google/material-design-icons/27e9ef1dbeedc13d682fece4a58e1eda4cb0961a/symbols/web/view_agenda/materialsymbolsrounded/view_agenda_24px.svg
Outlined/Visibility	Outlined	Visibility	false	visibility	visibility	direct	e8f4	false	24px	https://raw.githubusercontent.com/google/material-design-icons/27e9ef1dbeedc13d682fece4a58e1eda4cb0961a/symbols/web/visibility/materialsymbolsrounded/visibility_24px.svg
Outlined/VisibilityOff	Outlined	VisibilityOff	false	visibility_off	visibility_off	direct	e8f5	false	24px	https://raw.githubusercontent.com/google/material-design-icons/27e9ef1dbeedc13d682fece4a58e1eda4cb0961a/symbols/web/visibility_off/materialsymbolsrounded/visibility_off_24px.svg
Outlined/VolunteerActivism	Outlined	VolunteerActivism	false	volunteer_activism	volunteer_activism	direct	ea70	false	24px	https://raw.githubusercontent.com/google/material-design-icons/27e9ef1dbeedc13d682fece4a58e1eda4cb0961a/symbols/web/volunteer_activism/materialsymbolsrounded/volunteer_activism_24px.svg
Outlined/Warning	Outlined	Warning	false	warning	warning	direct	f083	false	24px	https://raw.githubusercontent.com/google/material-design-icons/27e9ef1dbeedc13d682fece4a58e1eda4cb0961a/symbols/web/warning/materialsymbolsrounded/warning_24px.svg
Outlined/WarningAmber	Outlined	WarningAmber	false	warning_amber	warning	alias->warning	f083	false	24px	https://raw.githubusercontent.com/google/material-design-icons/27e9ef1dbeedc13d682fece4a58e1eda4cb0961a/symbols/web/warning/materialsymbolsrounded/warning_24px.svg
Rounded/AudioFile	Rounded	AudioFile	false	audio_file	audio_file	direct	eb82	false	fill1_24px	https://raw.githubusercontent.com/google/material-design-icons/27e9ef1dbeedc13d682fece4a58e1eda4cb0961a/symbols/web/audio_file/materialsymbolsrounded/audio_file_fill1_24px.svg
Rounded/Audiotrack	Rounded	Audiotrack	false	audiotrack	music_note	alias->music_note	e405	false	fill1_24px	https://raw.githubusercontent.com/google/material-design-icons/27e9ef1dbeedc13d682fece4a58e1eda4cb0961a/symbols/web/music_note/materialsymbolsrounded/music_note_fill1_24px.svg
Rounded/BugReport	Rounded	BugReport	false	bug_report	bug_report	direct	e868	false	fill1_24px	https://raw.githubusercontent.com/google/material-design-icons/27e9ef1dbeedc13d682fece4a58e1eda4cb0961a/symbols/web/bug_report/materialsymbolsrounded/bug_report_fill1_24px.svg
Rounded/Download	Rounded	Download	false	download	download	direct	f090	false	fill1_24px	https://raw.githubusercontent.com/google/material-design-icons/27e9ef1dbeedc13d682fece4a58e1eda4cb0961a/symbols/web/download/materialsymbolsrounded/download_fill1_24px.svg
Rounded/EnergySavingsLeaf	Rounded	EnergySavingsLeaf	false	energy_savings_leaf	energy_savings_leaf	direct	ec1a	false	fill1_24px	https://raw.githubusercontent.com/google/material-design-icons/27e9ef1dbeedc13d682fece4a58e1eda4cb0961a/symbols/web/energy_savings_leaf/materialsymbolsrounded/energy_savings_leaf_fill1_24px.svg
Rounded/Error	Rounded	Error	false	error	error	direct	f8b6	false	fill1_24px	https://raw.githubusercontent.com/google/material-design-icons/27e9ef1dbeedc13d682fece4a58e1eda4cb0961a/symbols/web/error/materialsymbolsrounded/error_fill1_24px.svg
Rounded/Folder	Rounded	Folder	false	folder	folder	direct	e2c7	false	fill1_24px	https://raw.githubusercontent.com/google/material-design-icons/27e9ef1dbeedc13d682fece4a58e1eda4cb0961a/symbols/web/folder/materialsymbolsrounded/folder_fill1_24px.svg
Rounded/Info	Rounded	Info	false	info	info	direct	e88e	false	fill1_24px	https://raw.githubusercontent.com/google/material-design-icons/27e9ef1dbeedc13d682fece4a58e1eda4cb0961a/symbols/web/info/materialsymbolsrounded/info_fill1_24px.svg
Rounded/NetworkCheck	Rounded	NetworkCheck	false	network_check	network_check	direct	e640	false	fill1_24px	https://raw.githubusercontent.com/google/material-design-icons/27e9ef1dbeedc13d682fece4a58e1eda4cb0961a/symbols/web/network_check/materialsymbolsrounded/network_check_fill1_24px.svg
Rounded/Palette	Rounded	Palette	false	palette	palette	direct	e40a	false	fill1_24px	https://raw.githubusercontent.com/google/material-design-icons/27e9ef1dbeedc13d682fece4a58e1eda4cb0961a/symbols/web/palette/materialsymbolsrounded/palette_fill1_24px.svg
Rounded/Pause	Rounded	Pause	false	pause	pause	direct	e034	false	fill1_24px	https://raw.githubusercontent.com/google/material-design-icons/27e9ef1dbeedc13d682fece4a58e1eda4cb0961a/symbols/web/pause/materialsymbolsrounded/pause_fill1_24px.svg
Rounded/PlayArrow	Rounded	PlayArrow	false	play_arrow	play_arrow	direct	e037	false	fill1_24px	https://raw.githubusercontent.com/google/material-design-icons/27e9ef1dbeedc13d682fece4a58e1eda4cb0961a/symbols/web/play_arrow/materialsymbolsrounded/play_arrow_fill1_24px.svg
Rounded/QuestionMark	Rounded	QuestionMark	false	question_mark	question_mark	direct	eb8b	false	fill1_24px	https://raw.githubusercontent.com/google/material-design-icons/27e9ef1dbeedc13d682fece4a58e1eda4cb0961a/symbols/web/question_mark/materialsymbolsrounded/question_mark_fill1_24px.svg
Rounded/RestartAlt	Rounded	RestartAlt	false	restart_alt	restart_alt	direct	f053	false	fill1_24px	https://raw.githubusercontent.com/google/material-design-icons/27e9ef1dbeedc13d682fece4a58e1eda4cb0961a/symbols/web/restart_alt/materialsymbolsrounded/restart_alt_fill1_24px.svg
Rounded/SettingsApplications	Rounded	SettingsApplications	false	settings_applications	settings_applications	direct	e8b9	false	fill1_24px	https://raw.githubusercontent.com/google/material-design-icons/27e9ef1dbeedc13d682fece4a58e1eda4cb0961a/symbols/web/settings_applications/materialsymbolsrounded/settings_applications_fill1_24px.svg
Rounded/Share	Rounded	Share	false	share	share	direct	e80d	false	fill1_24px	https://raw.githubusercontent.com/google/material-design-icons/27e9ef1dbeedc13d682fece4a58e1eda4cb0961a/symbols/web/share/materialsymbolsrounded/share_fill1_24px.svg
Rounded/SignalCellular4Bar	Rounded	SignalCellular4Bar	false	signal_cellular_4_bar	signal_cellular_4_bar	direct	e1c8	false	fill1_24px	https://raw.githubusercontent.com/google/material-design-icons/27e9ef1dbeedc13d682fece4a58e1eda4cb0961a/symbols/web/signal_cellular_4_bar/materialsymbolsrounded/signal_cellular_4_bar_fill1_24px.svg
Rounded/SignalWifi4Bar	Rounded	SignalWifi4Bar	false	signal_wifi_4_bar	signal_wifi_4_bar	direct	f065	false	fill1_24px	https://raw.githubusercontent.com/google/material-design-icons/27e9ef1dbeedc13d682fece4a58e1eda4cb0961a/symbols/web/signal_wifi_4_bar/materialsymbolsrounded/signal_wifi_4_bar_fill1_24px.svg
Rounded/Stars	Rounded	Stars	false	stars	stars	direct	e8d0	false	fill1_24px	https://raw.githubusercontent.com/google/material-design-icons/27e9ef1dbeedc13d682fece4a58e1eda4cb0961a/symbols/web/stars/materialsymbolsrounded/stars_fill1_24px.svg
Rounded/Terminal	Rounded	Terminal	false	terminal	terminal	direct	eb8e	false	fill1_24px	https://raw.githubusercontent.com/google/material-design-icons/27e9ef1dbeedc13d682fece4a58e1eda4cb0961a/symbols/web/terminal/materialsymbolsrounded/terminal_fill1_24px.svg
Rounded/VideoFile	Rounded	VideoFile	false	video_file	video_file	direct	eb87	false	fill1_24px	https://raw.githubusercontent.com/google/material-design-icons/27e9ef1dbeedc13d682fece4a58e1eda4cb0961a/symbols/web/video_file/materialsymbolsrounded/video_file_fill1_24px.svg
Rounded/Videocam	Rounded	Videocam	false	videocam	videocam	direct	e04b	false	fill1_24px	https://raw.githubusercontent.com/google/material-design-icons/27e9ef1dbeedc13d682fece4a58e1eda4cb0961a/symbols/web/videocam/materialsymbolsrounded/videocam_fill1_24px.svg
Rounded/ViewComfy	Rounded	ViewComfy	false	view_comfy	view_comfy	direct	e42a	false	fill1_24px	https://raw.githubusercontent.com/google/material-design-icons/27e9ef1dbeedc13d682fece4a58e1eda4cb0961a/symbols/web/view_comfy/materialsymbolsrounded/view_comfy_fill1_24px.svg
Rounded/VolunteerActivism	Rounded	VolunteerActivism	false	volunteer_activism	volunteer_activism	direct	ea70	false	fill1_24px	https://raw.githubusercontent.com/google/material-design-icons/27e9ef1dbeedc13d682fece4a58e1eda4cb0961a/symbols/web/volunteer_activism/materialsymbolsrounded/volunteer_activism_fill1_24px.svg
